<?xml version="1.0" encoding="iso-8859-1" ?>

<table>
  <base>CRM/ResourceManagement</base>
  <class>ResourceCalendarColor</class>
  <name>civicrm_resource_calendar_color</name>
  <comment>FIXME</comment>
  <log>true</log>

  <field>
    <name>id</name>
    <type>int unsigned</type>
    <required>true</required>
    <comment>Unique ResourceCalendarColor ID</comment>
    <html>
      <type>Number</type>
    </html>
  </field>
  <primaryKey>
    <name>id</name>
    <autoincrement>true</autoincrement>
  </primaryKey>

  <field>
    <name>calendar_id</name>
    <type>int unsigned</type>
    <comment>FK to ResourceCalendar</comment>
  </field>
  <foreignKey>
    <name>calendar_id</name>
    <table>civicrm_resource_calendar</table>
    <key>id</key>
    <onDelete>CASCADE</onDelete>
  </foreignKey>
  <field>
    <name>status_id</name>
    <type>int unsigned</type>
    <comment>Resource participant status ID</comment>
  </field>
  <field>
    <name>event_color</name>
    <type>varchar(255)</type>
    <comment>Hex code for event type display color</comment>
    <add>1.0</add>
  </field>
</table>
