<?xml version="1.0" encoding="iso-8859-1" ?>

<table>
  <base>CRM/ResourceManagement</base>
  <class>ResourceCalendar</class>
  <name>civicrm_resource_calendar</name>
  <comment>FIXME</comment>
  <log>true</log>

  <field>
    <name>id</name>
    <type>int unsigned</type>
    <required>true</required>
    <comment>Unique ResourceCalendar ID</comment>
    <html>
      <type>Number</type>
    </html>
  </field>
  <primaryKey>
    <name>id</name>
    <autoincrement>true</autoincrement>
  </primaryKey>
  <field>
    <name>calendar_title</name>
    <type>varchar(255)</type>
    <comment>Calendar Title</comment>
    <add>1.0</add>
  </field>
  <field>
    <name>calendar_type</name>
    <type>varchar(64)</type>
    <comment>Null or resource name</comment>
    <add>1.0</add>
  </field>
  <field>
    <name>show_end_date</name>
    <type>boolean</type>
    <comment>Show End Date</comment>
    <add>1.0</add>
  </field>
  <field>
    <name>show_public_events</name>
    <type>boolean</type>
    <comment>Show Only Public or All</comment>
    <add>1.0</add>
  </field>
  <field>
    <name>week_begins_from_day</name>
    <type>boolean</type>
    <comment>Show week begins on</comment>
    <add>1.0</add>
  </field>
  <field>
    <name>time_format_24_hour</name>
    <type>boolean</type>
    <comment>Use 24 hour format</comment>
    <add>1.0</add>
  </field>
  <field>
    <name>event_template</name>
    <type>int unsigned</type>
    <comment>Null or Resource template id's</comment>
    <add>1.0</add>
  </field>
</table>
