<?xml version="1.0" encoding="iso-8859-1" ?>

<table>
  <base>CRM/ResourceManagement</base>
  <class>ResourceCalendar</class>
  <name>civicrm_resource_calendar</name>
  <comment>FIXME</comment>
  <log>true</log>

  <field>
    <name>id</name>
    <type>int unsigned</type>
    <required>true</required>
    <comment>Unique ResourceCalendar ID</comment>
    <html>
      <type>Number</type>
    </html>
  </field>
  <primaryKey>
    <name>id</name>
    <autoincrement>true</autoincrement>
  </primaryKey>
  <field>
    <name>calendar_title</name>
    <type>varchar(255)</type>
    <comment>Calendar Title</comment>
    <add>1.0</add>
  </field>
  <field>
    <name>calendar_type</name>
    <type>varchar(64)</type>
    <comment>Null or calendar type name</comment>
    <add>1.0</add>
  </field>
</table>
