<?xml version="1.0" encoding="iso-8859-1" ?>

<table>
  <base>CRM/ResourceManagement</base>
  <class>ResourceCalendarParticipant</class>
  <name>civicrm_resource_calendar_participant</name>
  <comment>FIXME</comment>
  <log>true</log>

  <field>
    <name>id</name>
    <type>int unsigned</type>
    <required>true</required>
    <comment>Unique ResourceCalendarParticipant ID</comment>
    <html>
      <type>Number</type>
    </html>
  </field>
  <primaryKey>
    <name>id</name>
    <autoincrement>true</autoincrement>
  </primaryKey>
  <field>
	<name>resource_calendar_id</name>
    <type>int unsigned</type>
    <comment>FK to Resource Calendar</comment>
    <add>1.0</add>
  </field>
  <foreignKey>
    <name>resource_calendar_id</name>
    <table>civicrm_resource_calendar</table>
    <key>id</key>
    <add>1.0</add>
    <onDelete>CASCADE</onDelete>
  </foreignKey>
  <field>
    <name>contact_id</name>
    <type>int unsigned</type>
    <comment>FK to Contact</comment>
  </field>
  <foreignKey>
    <name>contact_id</name>
    <table>civicrm_contact</table>
    <key>id</key>
    <onDelete>CASCADE</onDelete>
  </foreignKey>
  <field>
    <name>event_color</name>
    <type>varchar(255)</type>
    <comment>Hex code for event type display color</comment>
    <add>1.0</add>
  </field>
</table>
