<?xml version="1.0" encoding="iso-8859-1" ?>

<table>
  <base>CRM/ResourceManagement</base>
  <class>ResourceCalendarSettings</class>
  <name>civicrm_resource_calendar_settings</name>
  <comment>FIXME</comment>
  <log>true</log>

  <field>
    <name>id</name>
    <type>int unsigned</type>
    <required>true</required>
    <comment>Unique ResourceCalendarSettings ID</comment>
    <html>
      <type>Number</type>
    </html>
  </field>
  <primaryKey>
    <name>id</name>
    <autoincrement>true</autoincrement>
  </primaryKey>

  <field>
    <name>calendar_id</name>
    <type>int unsigned</type>
    <comment>FK to ResourceCalendar</comment>
  </field>
  <foreignKey>
    <name>calendar_id</name>
    <table>civicrm_resource_calendar</table>
    <key>id</key>
    <onDelete>CASCADE</onDelete>
  </foreignKey>

  <field>
    <name>config_key</name>
    <type>varchar(20)</type>
    <required>true</required>
    <comment>Configuration key</comment>
  </field>
  
  <index>
      <name>index_calendar_id_config_key</name>
      <fieldName>calendar_id</fieldName>
      <fieldName>config_key</fieldName>
      <unique>true</unique>
  </index>
  <field>
    <name>config_value</name>
    <type>varchar(256)</type>
    <comment>Configuration value</comment>
  </field>
</table>
