<?xml version="1.0"?>
<extension key="resource-management" type="module">
  <file>resource_management</file>
  <name>Resource Management</name>
  <description>Add resources like rooms or other resources to events and 
  show them in calendars.</description>
  <license>AGPL-3.0</license>
  <maintainer>
    <author>Niels Erik Andersen</author>
    <email>nea@tingstroem.dk</email>
  </maintainer>
  <urls>
    <url desc="Main Extension Page">http://FIXME</url>
    <url desc="Documentation">http://FIXME</url>
    <url desc="Support">http://FIXME</url>
    <url desc="Licensing">http://www.gnu.org/licenses/agpl-3.0.html</url>
  </urls>
  <releaseDate>2022-07-07</releaseDate>
  <version>1.0</version>
  <develStage>alpha</develStage>
  <compatibility>
    <ver>5.45</ver>
  </compatibility>
  <comments>Booking and management of resources like conference rooms etc.</comments>
  <classloader>
    <psr4 prefix="Civi\" path="Civi"/>
    <psr0 prefix="CRM_" path="."/>
  </classloader>
  <civix>
    <namespace>CRM/ResourceManagement</namespace>
    <format>24.09.1</format>
  </civix>
  <mixins>
    <mixin>menu-xml@1.0.0</mixin>
    <mixin>smarty-v2@1.0.3</mixin>
    <mixin>ang-php@1.0.0</mixin>
    <mixin>entity-types-php@2.0.0</mixin>
  </mixins>
  <upgrader>CiviMix\Schema\ResourceManagement\AutomaticUpgrader</upgrader>
</extension>
